accuracy,precision,recall,f1
0.6405391912131803,0.6009672866486097,0.6405391912131803,0.6193090593130621
