accuracy,precision,recall,f1
0.7034448327508737,0.6617788482870983,0.7034448327508737,0.6647875856979382
